# GCAM LULUCF,,,,,,,,,,,,,,,,,,,,,,,,,,,,,,,,,,,,,,,,,,,,,,,,,,,,,,,,,,,,,,,,,,,,,,,,,,,,,,,,,,,,,,,,,,,,,,,,,,,,,,,,,,,,,,,,,,,,,,,,,,,
scenario,region,1980,1981,1982,1983,1984,1985,1986,1987,1988,1989,1990,1991,1992,1993,1994,1995,1996,1997,1998,1999,2000,2001,2002,2003,2004,2005,2006,2007,2008,2009,2010,2011,2012,2013,2014,2015,2016,2017,2018,2019,2020,2021,2022,2023,2024,2025,2026,2027,2028,2029,2030,2031,2032,2033,2034,2035,2036,2037,2038,2039,2040,2041,2042,2043,2044,2045,2046,2047,2048,2049,2050,2051,2052,2053,2054,2055,2056,2057,2058,2059,2060,2061,2062,2063,2064,2065,2066,2067,2068,2069,2070,2071,2072,2073,2074,2075,2076,2077,2078,2079,2080,2081,2082,2083,2084,2085,2086,2087,2088,2089,2090,2091,2092,2093,2094,2095,2096,2097,2098,2099,2100,
"Reference,date=2025-20-3T03:20:47-04:00",Africa_Eastern,20.70168182,21.26113998,21.88366232,22.51170878,23.11261208,23.66956146,24.17531629,24.62788109,25.02879853,25.38141185,25.68958399,109.9163667,110.4649786,109.8743543,108.6932465,107.255644,105.7604111,104.3200531,102.9934492,101.8070145,100.7667828,99.86832713,99.10018861,98.44924942,97.9012958,97.4419945,82.94971923,87.17590361,91.2236016,94.90988908,98.15996943,112.0435837,117.9113412,123.367464,128.335295,132.7986725,56.68709614,43.77822498,32.31750149,22.26686184,13.50869936,5.895828274,69.59006431,77.15979618,83.89437335,89.78388066,121.4397972,127.1523805,131.6282724,135.142623,137.9080555,-17.40506396,-22.13859445,-24.52593401,-25.35961464,-25.17248125,-24.33075696,-23.08764234,-21.61808095,-20.04196247,-18.44057014,-16.86774154,-15.35789231,-13.9318836,-12.6011321,-11.37043353,-10.24020083,-9.207925758,-8.269173604,-7.418452694,-6.649662491,-5.956485936,-5.33262543,-4.772006475,-4.268833233,-3.81765916,-3.413460056,-3.051563621,-2.727716664,-2.438060268,-2.179048502,-1.947512893,-1.740577655,-1.555657929,-1.390425782,-1.242798116,-1.110903932,-0.993069218,-0.887795082,-0.793737916,-0.709701607,-0.63461497,-0.567521771,-0.507564443,-0.453982689,-0.40609383,-0.363289305,-0.325028383,-0.290823113,-0.26024192,-0.232898764,-0.208449083,-0.186583495,-0.167027933,-0.149536736,-0.133890351,-0.119892997,-0.107369969,-0.09616479,-0.086137835,-0.077164631,-0.069133554,-0.061945082,-0.055510249,-0.049749524,-0.044591778,-0.039973523,-0.03583802,-0.032134264,-0.028817055,-0.025845671,MtC/yr
"Reference,date=2025-20-3T03:20:47-04:00",Africa_Northern,-8.734884556,-8.100378391,-7.592696302,-7.194702006,-6.886837743,-6.651273584,-6.472251022,-6.336860587,-6.235086355,-6.158820316,-6.101828287,-9.796724414,-6.52001107,-3.707746006,-1.432572672,0.340528244,1.686964694,2.689840906,3.425388779,3.957774596,4.338500437,4.607451924,4.794984398,4.92362067,5.010381562,5.067158448,3.721758912,4.1130208,4.555947705,4.973330211,5.335970032,12.29671631,13.19139213,13.9029519,14.46441857,14.90561505,4.24528562,3.250091786,2.420537711,1.748711148,1.214582783,0.795174144,2.451817625,2.893724182,3.338827662,3.735716515,3.096640487,3.319593591,3.495272612,3.631441492,3.735771361,-0.378549319,-0.408478426,-0.375767681,-0.321767714,-0.265583838,-0.215126751,-0.172891782,-0.138899262,-0.112160121,-0.091410442,-0.075417555,-0.063112829,-0.053626746,-0.046271735,-0.040517254,-0.035961193,-0.03230165,-0.029313819,-0.026831145,-0.024730569,-0.022921825,-0.0213382,-0.019931079,-0.018664421,-0.017511656,-0.016453088,-0.015474147,-0.014563671,-0.01371326,-0.012916402,-0.012167933,-0.01146372,-0.010800357,-0.010174949,-0.009585063,-0.00902849,-0.00850331,-0.008007713,-0.007540092,-0.007098918,-0.006682764,-0.006290278,-0.005920202,-0.005571319,-0.005242475,-0.004932598,-0.004640644,-0.004365631,-0.004106614,-0.003862706,-0.003633067,-0.003416895,-0.003213421,-0.003021927,-0.00284172,-0.002672165,-0.002512646,-0.002362582,-0.002221421,-0.002088644,-0.001963769,-0.001846325,-0.001735882,-0.001632024,-0.001534365,-0.00144254,-0.00135621,-0.001275033,-0.001198714,-0.001126964,MtC/yr
"Reference,date=2025-20-3T03:20:47-04:00",Africa_Southern,7.527331143,9.380704876,11.24798701,13.07475496,14.82654741,16.48237882,18.03080429,19.46651925,20.78874851,21.9996389,23.10363802,29.78788883,30.5076022,30.96212303,31.25753338,31.45403632,31.58671706,31.67647917,31.73658,31.77535279,31.79856851,31.81051842,31.81381678,31.81089639,31.80357131,31.7930046,133.6949092,137.6335376,140.0776108,141.4581417,142.0870321,157.8506557,160.180262,162.0574976,163.5602368,164.7607436,29.22952733,22.53491935,17.71325758,14.3810963,12.19686889,10.87553769,90.78696193,93.76742131,95.9925332,97.53694212,119.7673678,121.1012395,121.706435,121.7835292,121.4896528,-3.362518021,-8.25059888,-11.35617442,-13.17935104,-14.08544413,-14.34399512,-14.1542231,-13.66316947,-12.9787194,-12.17950342,-11.3221712,-10.44691233,-9.581710518,-8.745434572,-7.950277301,-7.203491365,-6.508866547,-5.86764465,-5.279318139,-4.742181973,-4.253783699,-3.811195405,-3.411240235,-3.050661882,-2.726224781,-2.434795804,-2.173388791,-1.939191317,-1.729583801,-1.542147268,-1.374663003,-1.225099391,-1.091611403,-0.972522515,-0.866323397,-0.771647733,-0.68726789,-0.612083068,-0.545101925,-0.485439572,-0.432301416,-0.384981386,-0.342843677,-0.305323618,-0.271916404,-0.242172136,-0.215689345,-0.192110869,-0.171117617,-0.152426317,-0.135783673,-0.120965046,-0.107770003,-0.096020121,-0.08555681,-0.076238576,-0.067939703,-0.060548543,-0.05396503,-0.048100831,-0.042876938,-0.03822323,-0.034077127,-0.030383061,-0.027091497,-0.024158395,-0.021544539,-0.019215011,-0.017138745,-0.015288071,MtC/yr
"Reference,date=2025-20-3T03:20:47-04:00",Africa_Western,26.94108599,28.91181276,30.9904813,33.07791246,35.11053749,37.04870165,38.86938431,40.5603869,42.1177258,43.54228073,44.83801598,108.4761697,110.4013598,111.2133056,111.3765508,111.1664194,110.7474993,110.2199545,109.6451159,109.0604421,108.4891926,107.9447132,107.4351051,106.9635853,106.5316377,106.1388657,179.4517547,183.2880961,185.3556504,186.2589565,186.3954417,190.5761847,191.0476408,191.776087,192.7000601,193.7531281,111.6921369,104.2188428,98.32531228,93.78388131,90.34040729,87.75904508,172.5528476,178.5023114,184.0326911,188.8103529,208.8158439,212.8534527,215.8680362,218.0731375,219.6573261,2.385187602,-3.998526587,-7.946176221,-10.28174018,-11.52447311,-12.02234037,-12.01658079,-11.67726611,-11.12539027,-10.44675122,-9.701938769,-8.933350761,-8.169952695,-7.431141733,-6.729212909,-6.071476782,-5.461615776,-4.900808121,-4.388482728,-3.922939433,-3.501735376,-3.121993232,-2.780642587,-2.474555463,-2.20064251,-1.955944153,-1.737650805,-1.543148895,-1.370017467,-1.216031715,-1.079172594,-0.95760379,-0.849665691,-0.753866226,-0.668864871,-0.593463278,-0.526587437,-0.467283093,-0.414694841,-0.368066284,-0.326721459,-0.290061838,-0.257554875,-0.228728215,-0.203163366,-0.180489071,-0.160376107,-0.142533069,-0.126701597,-0.112652836,-0.100184087,-0.089115849,-0.079289061,-0.070562902,-0.062812675,-0.055927898,-0.049810722,-0.044374466,-0.039542337,-0.035246172,-0.031425855,-0.028027794,-0.025004662,-0.022314475,-0.019919976,-0.017788146,-0.015889705,-0.014198665,-0.01269197,-0.011349204,MtC/yr
"Reference,date=2025-20-3T03:20:47-04:00",Argentina,-6.80958593,-12.05212883,-16.58994886,-20.49868679,-23.85541522,-26.73327683,-29.1985039,-31.30980973,-33.11820599,-34.66778411,-35.99640586,1.881167919,5.326922786,8.252716013,10.7707447,12.94918182,14.83521422,16.46739451,17.87720665,19.09368208,20.14242108,21.04501558,21.82156359,22.49017669,23.06450488,23.55922421,27.26324449,33.94234823,40.16905192,45.68700981,50.44639964,44.12272852,48.59387167,52.74031056,56.40557082,59.56100705,32.80306696,32.40602492,32.07633432,31.75304103,31.41662143,31.06687481,24.66558229,23.50063114,22.42569833,21.45457471,22.3827521,21.79285442,21.25834562,20.78162991,20.36058241,8.039871783,6.981767174,6.114384093,5.375353764,4.731424203,4.163812264,3.660907252,3.214670171,2.818900472,2.46838302,2.158506537,1.885079683,1.644280752,1.432590737,1.246795209,1.083971562,0.941473626,0.816917556,0.708170652,0.613319622,0.530675583,0.458731009,0.396144552,0.341754802,0.294519608,0.253528366,0.217985192,0.187186514,0.160521139,0.137451659,0.117508209,0.10028171,0.085415827,0.072597138,0.061554865,0.052052452,0.04388466,0.03687187,0.030858487,0.025709137,0.021306488,0.017548538,0.014346945,0.011624566,0.009315125,0.007360897,0.005712075,0.00432544,0.003163615,0.002194259,0.001389555,7.25E-04,1.81E-04,-2.62E-04,-6.18E-04,-9.00E-04,-0.001121357,-0.001290349,-0.001415684,-0.001504571,-0.001563159,-0.00159669,-0.001609624,-0.001605804,-0.001588441,-0.001560259,-0.001523601,-0.0014804,-0.001432288,-0.001380639,MtC/yr
"Reference,date=2025-20-3T03:20:47-04:00",Australia_NZ,0.191786284,-0.100879607,-0.164342143,-0.08890437,0.065337266,0.259147349,0.467644509,0.674948985,0.872143038,1.054035834,1.21824099,38.02938787,36.49112659,34.55785313,32.52356257,30.54951909,28.71778034,27.06297221,25.59367715,24.30308094,23.17754807,22.2000567,21.35340106,20.62060119,19.98676644,19.43824176,44.13219822,34.01481525,23.64421184,13.37255382,3.447920786,-12.35525633,-4.19904631,5.002811878,14.52886041,23.92758493,-18.65817532,-17.37731409,-16.55688459,-16.07002882,-15.82127814,-15.73944081,-12.96785705,-9.032669279,-5.164085758,-1.489022656,-0.865412615,2.238046047,5.044284042,7.558437411,9.794595424,-20.35050171,-19.25971526,-18.00599679,-16.68777089,-15.36854895,-14.08854592,-12.87205364,-11.73268626,-10.67679525,-9.705766815,-8.817955841,-8.009737713,-7.276313626,-6.612296467,-6.012102145,-5.470186603,-4.981228462,-4.540134473,-4.142251881,-3.783213605,-3.459098839,-3.166297119,-2.90159122,-2.662056542,-2.445086169,-2.248333621,-2.069718451,-1.907369309,-1.759623875,-1.625003883,-1.50218644,-1.389990461,-1.287373086,-1.19339831,-1.107229738,-1.028119334,-0.955407573,-0.888497766,-0.826856816,-0.77000511,-0.717516739,-0.669008206,-0.624132068,-0.582578024,-0.54406436,-0.50833755,-0.475169363,-0.444351514,-0.415697054,-0.389034046,-0.364207504,-0.341077416,-0.319513011,-0.299398217,-0.28062454,-0.263094489,-0.246716914,-0.231410463,-0.217097169,-0.203709172,-0.191180636,-0.179453106,-0.168471223,-0.15818462,-0.148546428,-0.139513266,-0.13104528,-0.123104933,-0.115657822,-0.108671732,MtC/yr
"Reference,date=2025-20-3T03:20:47-04:00",Brazil,219.5294631,220.3260246,221.2599044,222.2666485,223.3005364,224.3264112,225.3215056,226.2709848,227.164688,227.9975906,228.7676216,148.840653,148.7399186,149.6933157,151.2472911,153.1152118,155.114694,157.1314098,159.0937249,160.958702,162.7028936,164.3141629,165.7897327,167.1310947,168.3444926,169.4368702,170.484996,173.0453921,175.8089318,178.6131762,181.3511794,311.3823127,319.7384195,325.7750667,330.0626038,333.0423685,128.4291251,119.223863,112.908375,108.6955258,106.0024912,104.3978364,202.733946,204.1323353,204.6765472,204.672846,157.4789512,155.491573,153.9086861,152.6304998,151.5871977,-1.271676332,-6.14474477,-9.157225092,-10.87360341,-11.69124306,-11.89321553,-11.6825128,-11.20442615,-10.56274484,-9.830882739,-9.060209289,-8.285981818,-7.531718499,-6.812575821,-6.137559985,-5.511438344,-4.935948233,-4.410802825,-3.934349245,-3.504068248,-3.116960349,-2.769770225,-2.459175073,-2.181904612,-1.934813401,-1.714932615,-1.519502425,-1.345974945,-1.192017482,-1.055515718,-0.93455311,-0.827408712,-0.732535943,-0.648548441,-0.574215583,-0.508433867,-0.450225222,-0.39872114,-0.35314871,-0.31282487,-0.27714292,-0.24556657,-0.217620809,-0.192885887,-0.170990212,-0.151604959,-0.134440343,-0.119239478,-0.105775908,-0.093848682,-0.083281104,-0.07391635,-0.065616221,-0.058258316,-0.051734421,-0.045949072,-0.040817734,-0.036265597,-0.032226758,-0.028642394,-0.025460992,-0.022636677,-0.020128916,-0.01790186,-0.015923729,-0.014166409,-0.012604982,-0.011217359,-0.009984002,-0.008887575,MtC/yr
"Reference,date=2025-20-3T03:20:47-04:00",Canada,51.15655262,51.67472068,52.23095127,52.81524331,53.41854517,54.03372902,54.65435541,55.274981,55.891489,56.49991785,57.09799913,60.87035475,61.51188299,62.11050253,62.67657833,63.21470079,63.72684199,64.21363847,64.67579001,65.11406619,65.52878332,65.92070873,66.29044106,66.63890509,66.96701456,67.27555724,6.41868601,-16.10053205,-37.97735937,-58.98190946,-79.02529837,-48.92846189,-45.24841983,-41.25416226,-37.17035019,-33.1104327,-65.95431416,-65.8629551,-65.61092698,-65.25807356,-64.83536018,-64.35981543,-2.198117058,5.297927894,12.37366406,19.05609854,6.802435869,10.91904431,14.84833819,18.58544973,22.13276514,-18.71267588,-18.54097501,-18.26741518,-17.93521304,-17.56244831,-17.15784869,-16.72612239,-16.27145778,-15.79771803,-15.3087567,-14.80832859,-14.30013994,-13.78766508,-13.27406348,-12.76213567,-12.25445798,-11.7531323,-11.26005935,-10.77674985,-10.30457152,-9.844479546,-9.397315907,-8.963721042,-8.544114117,-8.138830958,-7.74806105,-7.371844205,-7.010133287,-6.662849612,-6.329817709,-6.010770468,-5.705452227,-5.413560861,-5.134726993,-4.868566144,-4.614721079,-4.372771707,-4.142310672,-3.922933354,-3.714219918,-3.515753307,-3.327126805,-3.147933929,-2.977775308,-2.816264671,-2.663020873,-2.517670853,-2.379854911,-2.249225622,-2.125443355,-2.008187233,-1.897141331,-1.791999856,-1.692475422,-1.598289149,-1.50917698,-1.424879347,-1.34515195,-1.269763486,-1.198484085,-1.131108547,-1.067430124,-1.007253134,-0.950396092,-0.89668118,-0.845942872,-0.798020613,-0.752764636,-0.710031064,-0.669682654,MtC/yr
"Reference,date=2025-20-3T03:20:47-04:00",Central America and Caribbean,22.76211799,22.59334626,22.48974794,22.43148142,22.40420115,22.39763804,22.40459286,22.41974998,22.43979936,22.46194963,22.48486667,15.54360593,14.70470205,14.15892727,13.80516378,13.57775488,13.43333433,13.34340736,13.28925496,13.25830334,13.24233834,13.23592084,13.2354064,13.23837251,13.24326325,13.24917007,14.96841429,14.95286422,14.71514498,14.37339675,13.99588355,16.25432774,15.87830978,15.52714061,15.20063818,14.89688251,-0.44408838,-2.225391405,-3.550956593,-4.541254777,-5.28362542,-5.841813224,10.97416569,13.42746694,15.45691264,17.11792917,14.56509718,15.37628473,16.06895841,16.65036623,17.1337685,0.86107005,-0.047118173,-0.581797341,-0.878076356,-1.022004754,-1.069618901,-1.057732572,-1.010593402,-0.944093015,-0.868547503,-0.790523783,-0.714076741,-0.641589927,-0.574347416,-0.512907135,-0.457371101,-0.407561644,-0.363138607,-0.323673394,-0.288710025,-0.257786714,-0.230461822,-0.206323867,-0.18499625,-0.166139375,-0.149450626,-0.134662041,-0.121537663,-0.10987099,-0.09948143,-0.090212181,-0.081926483,-0.074505454,-0.067846066,-0.06185858,-0.056465064,-0.051597884,-0.047197749,-0.043213254,-0.039599317,-0.036316615,-0.033330328,-0.030610257,-0.028129338,-0.025864233,-0.023793713,-0.021899227,-0.02016427,-0.018574028,-0.01711531,-0.015776292,-0.014546358,-0.013415918,-0.012376395,-0.01142,-0.01053968,-0.009729057,-0.008982335,-0.008294219,-0.007659957,-0.007075139,-0.006535779,-0.006038215,-0.005579123,-0.005155452,-0.00476439,-0.004403366,-0.004070018,-0.003762187,-0.003477896,MtC/yr
"Reference,date=2025-20-3T03:20:47-04:00",Central Asia,34.31744439,32.50678663,30.61890422,28.69049216,26.76176601,24.8666189,23.032483,21.2779571,19.61600984,18.0531106,16.59256118,24.78525395,19.24465423,13.81582646,8.8146678,4.339237164,0.386989214,-3.087922908,-6.144007104,-8.839715117,-11.2276419,-13.35352355,-15.25465885,-16.96275771,-18.50373353,-19.89836847,41.83084768,54.24610539,65.07454184,74.95982633,84.22745198,41.65472595,27.56519393,14.93857728,3.14437314,-8.068386476,-51.35053569,-46.58493016,-41.50072622,-36.79155718,-32.69699409,-29.24513114,-23.24915449,-19.81220633,-16.86977926,-14.32452893,-12.53751765,-10.6349709,-8.938475198,-7.416732593,-6.043263268,-9.394556779,-8.807237185,-8.241365449,-7.718409616,-7.242239604,-6.809821378,-6.415773311,-6.054464312,-5.720878449,-5.410899348,-5.121159182,-4.849082072,-4.592622031,-4.35016207,-4.120487458,-3.902598077,-3.695652722,-3.499043709,-3.312162521,-3.134539234,-2.965736729,-2.805318779,-2.652939942,-2.508267181,-2.370916503,-2.240595353,-2.116980454,-1.999783489,-1.888712101,-1.783480904,-1.683825422,-1.58947522,-1.500184408,-1.415705137,-1.335801877,-1.260246237,-1.188822469,-1.121325633,-1.05754583,-0.99729943,-0.940394568,-0.886660263,-0.83593059,-0.788042357,-0.74284754,-0.700194792,-0.659953698,-0.621986253,-0.586174572,-0.552394347,-0.520537821,-0.490495077,-0.462168416,-0.435460683,-0.410281285,-0.386544827,-0.36417067,-0.343081147,-0.323203807,-0.304470634,-0.286816241,-0.270179732,-0.254503179,-0.2397315,-0.225813104,-0.212699217,-0.200343768,-0.188703428,-0.177736891,-0.167405609,MtC/yr
"Reference,date=2025-20-3T03:20:47-04:00",China,265.1484201,270.7442238,275.8070487,280.3906556,284.5316547,288.2594898,291.6022763,294.5878064,297.2451222,299.6032318,301.6887524,157.4450942,147.1074214,139.7431701,133.6157963,127.9841968,122.5838927,117.3631417,112.3523375,107.6007197,103.1522009,99.03534808,95.26423555,91.83809904,88.74706422,85.97382786,217.0127086,215.8688056,214.7778806,213.6460844,212.4533353,260.0379856,267.177075,273.686336,279.4276746,284.4047194,108.7736396,105.8009836,103.2499184,101.0089174,99.02002464,97.25081444,109.5999575,108.5172496,107.3776433,106.2089761,75.55959037,72.76066559,70.38108787,68.27426872,66.36633048,17.59079943,14.20435513,11.55301896,9.33583543,7.412085452,5.716946313,4.219196007,2.901399531,1.750717303,0.755445991,-0.096338374,-0.817053791,-1.419287199,-1.915509783,-2.317762867,-2.637390015,-2.884956165,-3.070169289,-3.201755023,-3.287618143,-3.334710693,-3.349219957,-3.336592599,-3.30154069,-3.248190767,-3.180118555,-3.100371748,-3.011586638,-2.916002847,-2.815531074,-2.711784231,-2.606110083,-2.499649014,-2.393333701,-2.28793491,-2.18408871,-2.082297258,-1.982957574,-1.886388802,-1.792820801,-1.702424277,-1.61531787,-1.531572115,-1.451218688,-1.374259045,-1.300669994,-1.230403975,-1.163400393,-1.099581341,-1.038860622,-0.981143899,-0.926332952,-0.874319736,-0.824997877,-0.778261849,-0.734000002,-0.692106514,-0.652475312,-0.614998827,-0.579578586,-0.546112641,-0.514505482,-0.484663606,-0.456497003,-0.429919138,-0.404846768,-0.381200468,-0.358903863,-0.33788428,-0.318072192,MtC/yr
"Reference,date=2025-20-3T03:20:47-04:00",Colombia,-6.782163951,-4.930647274,-3.222126978,-1.678889276,-0.30553988,0.903512838,1.959493371,2.876143269,3.668177018,4.349988926,4.935200227,4.01862268,2.113174581,0.416439318,-1.076381355,-2.383533605,-3.527815051,-4.532165789,-5.417371103,-6.201791138,-6.90072409,-7.527047501,-8.09122922,-8.602059784,-9.06669012,-9.490892584,-10.74523872,-9.668687662,-8.721491339,-7.908656121,-7.221608298,23.86373159,24.29177143,24.17575649,23.77032358,23.23034365,-7.953634265,-9.917079708,-11.32546242,-12.3419763,-13.08060264,-13.6213243,-7.478210446,-5.093928727,-2.794231043,-0.674177432,-2.344071462,-0.82690355,0.543100019,1.762410122,2.837626703,-7.444765006,-7.026492203,-6.507707765,-5.952068425,-5.397507809,-4.865946644,-4.369190533,-3.91275019,-3.498195427,-3.124771359,-2.790349379,-2.492091005,-2.22683996,-1.991395275,-1.782637534,-1.59764636,-1.433723181,-1.28842411,-1.159546933,-1.045132704,-0.943448763,-0.852958688,-0.772318775,-0.700346291,-0.636007923,-0.578399208,-0.526729301,-0.480305379,-0.438525602,-0.400860628,-0.366849217,-0.336085925,-0.308216749,-0.282930124,-0.2599526,-0.239042938,-0.219989458,-0.202604325,-0.186721799,-0.172194766,-0.158892772,-0.146699551,-0.135511924,-0.12523712,-0.115792433,-0.107103985,-0.099104823,-0.091735422,-0.084941381,-0.078674073,-0.072889495,-0.067547517,-0.062611817,-0.058049512,-0.053830573,-0.049927664,-0.046315698,-0.042972062,-0.039875678,-0.037007626,-0.034350209,-0.031887469,-0.029604586,-0.027488002,-0.025525218,-0.023704771,-0.022016019,-0.020449203,-0.01899531,-0.017646059,MtC/yr
"Reference,date=2025-20-3T03:20:47-04:00",EU-12,-7.908888657,-9.695749726,-11.23373804,-12.55681448,-13.69693675,-14.68266366,-15.53810779,-16.28333949,-16.93549497,-17.50842966,-18.01397926,-15.30807936,-15.95876335,-16.52608642,-17.06147387,-17.58564779,-18.10482801,-18.61886384,-19.12494927,-19.62005707,-20.10137004,-20.56661697,-21.0142051,-21.44290622,-21.8513574,-22.23505252,-23.38216682,-23.15243634,-22.93410369,-22.79742027,-22.75968325,-8.185042824,-6.540010911,-4.97163164,-3.422460532,-1.543950696,-21.73245983,-20.67740329,-19.63809252,-18.67112055,-17.79282657,-17.001024,-6.560317243,-6.166101408,-5.8509323,-5.598657546,-9.602121559,-9.287749001,-9.000519669,-8.738663276,-8.499258984,-15.06277372,-14.43879888,-13.81528742,-13.21026443,-12.62833347,-12.06909784,-11.53098361,-11.01226513,-10.51166699,-10.02824953,-9.561413243,-9.1107984,-8.676143711,-8.257309722,-7.854145148,-7.466490717,-7.094197293,-6.737033133,-6.394779058,-6.067139867,-5.753819734,-5.45447087,-5.168727818,-4.896187614,-4.636442795,-4.389090762,-4.153674688,-3.92979288,-3.716995203,-3.514838844,-3.32289838,-3.140746532,-2.967963521,-2.804135981,-2.648862931,-2.501756755,-2.362431564,-2.230524147,-2.105676991,-1.987545113,-1.87580018,-1.770122367,-1.670206074,-1.575761496,-1.486506182,-1.402172524,-1.322501544,-1.247254934,-1.176192239,-1.109095296,-1.045750209,-0.985957807,-0.929524011,-0.876269675,-0.826017674,-0.778605981,-0.733878885,-0.691689512,-0.651893968,-0.614363716,-0.578970659,-0.545595759,-0.514126414,-0.484457504,-0.456485226,-0.430114881,-0.405256222,-0.381824538,-0.35973887,-0.338922288,MtC/yr
"Reference,date=2025-20-3T03:20:47-04:00",EU-15,-3.389229457,-4.989683816,-6.197609546,-7.068269452,-7.661068766,-8.030939894,-8.223988741,-8.278609151,-8.225053454,-8.086360219,-7.878854899,-20.40374266,-21.34402805,-22.12868221,-22.89855248,-23.68882304,-24.48986267,-25.27730746,-26.0239588,-26.70538997,-27.29838963,-27.77798077,-28.10695596,-28.20910961,-27.87162737,-26.09226605,-48.18117408,-43.80858675,-39.35799321,-35.18961999,-31.44307898,-36.06100598,-35.68615596,-35.71773322,-35.99858188,-36.41860181,-49.74495923,-46.18492715,-42.37999109,-38.72263417,-35.37990418,-32.40375983,25.53156073,29.15000835,32.16502099,34.78723057,11.57938345,13.50065035,15.28558686,16.82138852,18.09506562,-14.72126044,-13.88164037,-13.00863177,-12.23811248,-11.59112409,-11.04974276,-10.58709775,-10.17896697,-9.806564543,-9.456622872,-9.120365854,-8.792358087,-8.469517215,-8.150441994,-7.834663494,-7.522363652,-7.21408624,-6.910549353,-6.612498635,-6.320679555,-6.0357583,-5.758327499,-5.488869439,-5.227774057,-4.97533007,-4.731738435,-4.497124327,-4.271539964,-4.05496969,-3.84735426,-3.648571852,-3.458482058,-3.276906465,-3.103637164,-2.938440589,-2.781082295,-2.631309476,-2.488859991,-2.35346251,-2.22485362,-2.102759238,-1.986914921,-1.877054159,-1.772915117,-1.674242965,-1.580788138,-1.492307675,-1.408564846,-1.329332245,-1.25438905,-1.183523685,-1.116530501,-1.05321381,-0.993385445,-0.936866185,-0.883482702,-0.83307014,-0.785472128,-0.740538618,-0.698126362,-0.658100489,-0.6203311,-0.58469531,-0.551077433,-0.519365738,-0.489455512,-0.461247551,-0.434646882,-0.409564265,-0.38591457,MtC/yr
"Reference,date=2025-20-3T03:20:47-04:00",Europe_Eastern,5.960788733,5.003553171,4.1593591,3.414077568,2.755699528,2.173479855,1.658178256,1.201685763,0.796840566,0.437443494,0.118012407,0.363539495,-3.203725995,-6.694745628,-9.952979614,-12.93068486,-15.63080362,-18.07707621,-20.29949633,-22.32773493,-24.18794373,-25.90288491,-27.49121246,-28.96807813,-30.34644563,-31.63619754,-30.94362289,-28.94143907,-26.91763217,-25.01660618,-23.28748677,-10.33428986,-7.887479753,-5.732447606,-3.828843557,-2.138827822,-1.397773045,-1.140918851,-0.953698081,-0.759705819,-0.530553482,-0.260412937,-7.363423179,-6.543136199,-5.63449952,-4.750867929,-1.025316351,0.012248416,0.915455756,1.705215942,2.400606303,-5.907453886,-5.641076795,-5.36773638,-5.107693559,-4.865827321,-4.641240151,-4.431312207,-4.23328809,-4.044918501,-3.864492459,-3.690906685,-3.523367685,-3.361438009,-3.204852981,-3.053480314,-2.907241149,-2.766121145,-2.630123035,-2.499219516,-2.373401839,-2.252633127,-2.136870676,-2.026046444,-1.920063695,-1.818830476,-1.722234188,-1.630152118,-1.542448892,-1.458987553,-1.379621442,-1.304205824,-1.232590643,-1.164622127,-1.100156163,-1.039039269,-0.981126624,-0.926273842,-0.874341469,-0.825191341,-0.778690834,-0.734711679,-0.693129231,-0.653824323,-0.61668047,-0.581588967,-0.548441782,-0.517137844,-0.487581864,-0.459679947,-0.433343773,-0.40848985,-0.385036668,-0.362909686,-0.342036832,-0.32234746,-0.303777835,-0.286265334,-0.269751484,-0.254180765,-0.239500167,-0.225659369,-0.212612636,-0.200314151,-0.1887225,-0.177796881,-0.167499842,-0.157795642,-0.148650738,-0.140033092,-0.131912706,MtC/yr
"Reference,date=2025-20-3T03:20:47-04:00",Europe_Non_EU,4.447266263,3.176731547,2.076870929,1.124859243,0.299480743,-0.417804069,-1.0429381,-1.589416673,-2.068578837,-2.490038475,-2.861833878,1.705261034,1.724319242,1.718308486,1.693117337,1.654088534,1.605768916,1.55183777,1.494870437,1.436899407,1.379148324,1.322516533,1.267531957,1.214433238,1.163357545,1.114389616,11.63084115,11.61679871,11.56269296,11.48664229,11.39924157,13.30348349,13.56478632,13.84758356,14.1092899,14.33530055,31.17469471,33.58944684,35.66522569,37.4690467,39.04757433,40.43553412,12.69810948,12.4228231,12.27477282,12.16985005,10.58853954,10.39706538,10.21945725,10.0479718,9.881211728,3.479263366,2.818085716,2.279029659,1.820874526,1.423448618,1.076299812,0.77325799,0.509967239,0.282903448,0.08868661,-0.075832311,-0.213728912,-0.327938731,-0.42122847,-0.496173282,-0.555131185,-0.600260145,-0.633490565,-0.656548491,-0.670965488,-0.678094829,-0.679119154,-0.675077236,-0.666859753,-0.655249547,-0.640918262,-0.624440571,-0.606311864,-0.586948792,-0.566711766,-0.545898329,-0.524763262,-0.503517136,-0.482334797,-0.461358242,-0.440706016,-0.420473031,-0.400732055,-0.381541762,-0.362945355,-0.344973461,-0.327648537,-0.310983551,-0.294983065,-0.279647822,-0.264972696,-0.250948299,-0.237562169,-0.224800476,-0.212646078,-0.20108091,-0.190085664,-0.179639962,-0.16972352,-0.160315454,-0.151394863,-0.142941241,-0.134933557,-0.127352139,-0.120177066,-0.113388972,-0.106969497,-0.100900489,-0.095164459,-0.089744559,-0.084624748,-0.079789451,-0.075223794,-0.070913726,-0.066845576,MtC/yr
"Reference,date=2025-20-3T03:20:47-04:00",European Free Trade Association,3.139108572,3.437324824,3.708022848,3.954320203,4.178999436,4.3846049,4.573276321,4.746902027,4.907062309,5.055097336,5.192199025,2.732682913,2.106653773,1.513380957,0.98754578,0.537529177,0.159777387,-0.154063438,-0.413385903,-0.627227423,-0.803529118,-0.948991225,-1.069205745,-1.168733991,-1.251272814,-1.319821595,-3.196511734,-3.314234424,-3.418422851,-3.546388745,-3.70958669,-3.178312443,-3.024581131,-2.913012464,-2.837529186,-2.791646114,-2.335475738,-2.083249228,-1.849520119,-1.631882391,-1.428168514,-1.236697964,5.853870577,6.251340921,6.60078756,6.934101383,1.7859565,1.956223334,2.146977203,2.32830414,2.49155992,-0.798064294,-0.833920845,-0.853043406,-0.866845714,-0.87831038,-0.887461828,-0.893542387,-0.8959188,-0.894212919,-0.888365111,-0.87856696,-0.86515045,-0.84854114,-0.829205637,-0.8076055,-0.784188329,-0.759370038,-0.733521651,-0.706978456,-0.680028755,-0.652920665,-0.625866377,-0.599044816,-0.572603566,-0.546664633,-0.521322194,-0.496655755,-0.472722467,-0.449567759,-0.427220743,-0.40570209,-0.385021964,-0.36518179,-0.34617819,-0.328002159,-0.310639533,-0.294073349,-0.278284411,-0.263250896,-0.248947349,-0.235350986,-0.222435396,-0.21017442,-0.198543061,-0.187514032,-0.17706167,-0.167160736,-0.157786117,-0.148913239,-0.140518384,-0.132578572,-0.125071321,-0.11797512,-0.111269291,-0.104933866,-0.098949786,-0.093298767,-0.087963203,-0.082926474,-0.078172635,-0.073686479,-0.06945343,-0.0654599,-0.06169275,-0.058139519,-0.054788373,-0.051628182,-0.048648398,-0.045838883,-0.043190073,MtC/yr
"Reference,date=2025-20-3T03:20:47-04:00",India,38.74378289,38.86296808,38.95057608,39.00614774,39.03304616,39.03650403,39.02196902,38.99440912,38.95856516,38.91974771,38.88480159,23.9721288,22.12825808,20.67743871,19.5980339,18.83035439,18.30770225,17.96960695,17.76606287,17.65784301,17.61520275,17.61617873,17.64511272,17.69056104,17.74488105,17.80264695,6.725698952,5.04407886,3.631233189,2.48530878,1.575576694,-7.407725705,-7.699134016,-7.663632522,-7.505574993,-7.321525548,-2.40543638,-2.398050401,-2.543037799,-2.729746854,-2.908985568,-3.062020132,35.97264779,40.96949295,44.86326732,47.87901429,34.10705353,34.14912964,34.25203074,34.35614763,34.43968308,5.353126746,3.249540272,1.985988537,1.199813602,0.696372096,0.366614711,0.147147173,-5.75E-05,-0.098620935,-0.163693478,-0.205302138,-0.230289299,-0.243442395,-0.248178693,-0.246966789,-0.241629633,-0.233497724,-0.223555788,-0.212527899,-0.200943298,-0.189183853,-0.177522034,-0.166146778,-0.155185964,-0.144720514,-0.134797968,-0.125441059,-0.116653989,-0.108429265,-0.100750035,-0.093594308,-0.086936317,-0.08074808,-0.075001588,-0.069668334,-0.064720669,-0.060131769,-0.055876362,-0.051930379,-0.048271119,-0.044877408,-0.041729722,-0.038809633,-0.036100343,-0.033585883,-0.031251909,-0.029084901,-0.027072531,-0.025203277,-0.023466644,-0.02185285,-0.02035289,-0.018958441,-0.017661832,-0.016455975,-0.015334293,-0.014290736,-0.013319716,-0.012416003,-0.011574814,-0.010791733,-0.010062611,-0.009383649,-0.008751305,-0.008162304,-0.007613625,-0.007102417,-0.006626085,-0.006182212,-0.005768516,MtC/yr
"Reference,date=2025-20-3T03:20:47-04:00",Indonesia,106.7693105,108.4987322,109.8136602,110.8144321,111.576872,112.1580184,112.6017914,112.9407564,113.1998455,113.3983635,113.5505922,126.4697669,126.3789194,125.8182489,125.152829,124.538253,124.0313694,123.6367965,123.3446794,123.1352387,122.9903573,122.8937129,122.8322076,122.794276,122.7746942,122.7669225,339.3315719,357.2138276,369.1391698,377.2835638,382.9604083,304.0490607,299.6421392,297.0480412,295.4973521,294.5529611,189.252824,177.9911622,169.3564806,162.739165,157.6632552,153.763313,44.2579618,37.2960255,33.56661849,31.55510773,24.53228982,23.57744652,23.0512629,22.75234656,22.5753941,1.354066638,0.338402167,-0.218997599,-0.523588965,-0.685935934,-0.766571719,-0.799181503,-0.802990028,-0.789233645,-0.764654579,-0.733495212,-0.698496751,-0.661489493,-0.623729573,-0.586092013,-0.549184024,-0.513424671,-0.479101846,-0.446391805,-0.41539887,-0.38616625,-0.358697941,-0.332967061,-0.30892017,-0.286494894,-0.265613837,-0.246197977,-0.228160998,-0.211421271,-0.195894045,-0.181498914,-0.168158535,-0.155799671,-0.144352112,-0.133749957,-0.123931836,-0.114840479,-0.106421221,-0.098624813,-0.091404628,-0.084718088,-0.078525021,-0.072788789,-0.067475211,-0.062552665,-0.05799225,-0.053766778,-0.049851432,-0.046223148,-0.042860591,-0.039744195,-0.036855605,-0.034178124,-0.031696145,-0.029395229,-0.027261964,-0.025284186,-0.023450441,-0.021750149,-0.020173474,-0.018711544,-0.017355736,-0.016098502,-0.014932514,-0.013851152,-0.012848222,-0.011918113,-0.011055379,-0.010255235,-0.009513083,MtC/yr
"Reference,date=2025-20-3T03:20:47-04:00",Japan,15.60219589,16.05821786,16.4313458,16.73268046,16.97341227,17.16443992,17.31507632,17.43326189,17.52539231,17.59697782,17.65192565,4.762635526,3.375723472,2.091675254,0.901687994,-0.20139799,-1.22381835,-2.17141598,-3.049694326,-3.86377652,-4.618613532,-5.318692899,-5.968338862,-6.571425641,-7.131315386,-7.650282435,-10.3216073,-11.40609766,-12.4398872,-13.43278907,-14.38997413,-12.67455015,-12.01118599,-11.36511989,-10.73823702,-10.1321277,-11.17714534,-11.62772652,-12.05959779,-12.47503148,-12.87500443,-13.25981096,-2.182059829,-0.91253356,0.2674159,1.390294194,-2.942193803,-2.308748348,-1.677053923,-1.06499987,-0.479168366,-5.795577785,-5.613647427,-5.410088924,-5.204488654,-5.002950461,-4.806495258,-4.61462218,-4.426641562,-4.242102821,-4.06081298,-3.882865143,-3.708477473,-3.537967357,-3.371664413,-3.209892167,-3.052959095,-2.901072595,-2.754442345,-2.613195552,-2.477398995,-2.347109937,-2.22230045,-2.102942732,-1.988960988,-1.880246647,-1.776690086,-1.678148083,-1.584472461,-1.495507023,-1.411087852,-1.331037979,-1.255185454,-1.183356594,-1.115379933,-1.051080242,-0.990292778,-0.932848782,-0.878588335,-0.827356499,-0.778998079,-0.733369679,-0.690328612,-0.649740537,-0.611475768,-0.575408292,-0.541421442,-0.509399562,-0.479236297,-0.450828906,-0.42407778,-0.398891431,-0.375180839,-0.352862396,-0.331857531,-0.312090766,-0.293490016,-0.275989059,-0.259523431,-0.2440348,-0.229464222,-0.215758364,-0.202868661,-0.190745091,-0.179342329,-0.168620256,-0.158536645,-0.149055094,-0.140140042,-0.131756656,-0.123873905,MtC/yr
"Reference,date=2025-20-3T03:20:47-04:00",Mexico,20.15942708,20.24334693,20.34116351,20.44003386,20.53381817,20.61993266,20.69770079,20.76726696,20.82914803,20.88400765,20.93253882,12.61139936,11.5831643,10.80756617,10.22360471,9.784770711,9.455730811,9.20961928,9.026066788,8.889609179,8.78856595,8.714086687,8.659510868,8.619776602,8.591106972,8.570614287,3.279781224,1.129748169,-0.675467036,-2.217584286,-3.553466314,12.025952,12.28754324,12.04777852,11.54899977,10.92732957,-5.151090644,-7.259833091,-8.720229682,-9.726705076,-10.41154768,-10.86643551,0.567977351,3.728295497,6.394169873,8.607149728,8.551375598,9.956827822,11.13032162,12.10669034,12.92009795,-1.100180814,-1.863444481,-2.263090767,-2.446811386,-2.500051154,-2.473778637,-2.399301143,-2.296293478,-2.177399853,-2.050866526,-1.922120028,-1.794718639,-1.670981692,-1.552370517,-1.439754348,-1.333587371,-1.234049737,-1.141111073,-1.054614659,-0.974316204,-0.899918139,-0.831087134,-0.767480363,-0.708750788,-0.654557847,-0.604572824,-0.558481761,-0.515987624,-0.476812491,-0.440696497,-0.407397555,-0.376692293,-0.34837374,-0.322251512,-0.298149517,-0.275906932,-0.255374702,-0.23641697,-0.218908409,-0.202734259,-0.187788768,-0.173975333,-0.161205249,-0.149396598,-0.138474724,-0.128370462,-0.119020691,-0.110367477,-0.102356804,-0.094939899,-0.08807135,-0.081709279,-0.075815617,-0.070354711,-0.0652941,-0.060603703,-0.056255654,-0.052224548,-0.048486693,-0.045020335,-0.041805329,-0.038823084,-0.036056431,-0.033489483,-0.031107597,-0.028897199,-0.026845708,-0.024941532,-0.02317395,-0.021532997,MtC/yr
"Reference,date=2025-20-3T03:20:47-04:00",Middle East,-21.07418724,-23.07259284,-24.7656014,-26.19631233,-27.40572032,-28.42979734,-29.29888478,-30.03837966,-30.66984123,-31.21062201,-31.67625369,-32.98282606,-32.21813672,-31.44510539,-30.75009671,-30.16024105,-29.67524637,-29.28334218,-28.96956978,-28.71900616,-28.51863863,-28.35735767,-28.22523528,-28.11304716,-28.00808351,-27.8716229,-31.21392901,-26.81803635,-22.70715197,-19.07352898,-15.95577193,-12.36776851,-11.69558504,-11.33944696,-11.13223954,-10.99152397,-12.6055474,-11.31593493,-10.04263453,-8.886891265,-7.880788237,-7.023869637,-4.000868474,-2.537658878,-1.261499945,-0.160761042,-1.664080104,-1.264760269,-0.923326666,-0.634272916,-0.390541842,-1.291170574,-1.155359816,-1.022276528,-0.903903309,-0.803240043,-0.71937984,-0.649994686,-0.592466927,-0.544391543,-0.503722383,-0.468821527,-0.438403738,-0.411488144,-0.387326279,-0.365358966,-0.345172896,-0.326451644,-0.308970573,-0.292554809,-0.27707496,-0.262435175,-0.248557347,-0.235385119,-0.222869192,-0.210972084,-0.199660884,-0.188905585,-0.178682659,-0.16896715,-0.159736965,-0.150972005,-0.14265189,-0.134758026,-0.127271656,-0.120174921,-0.113450172,-0.107080787,-0.10105027,-0.095342731,-0.089942777,-0.084835467,-0.080006597,-0.075442387,-0.071129479,-0.067055183,-0.063207081,-0.059573491,-0.056143378,-0.052905875,-0.049850706,-0.046968215,-0.044249084,-0.041684403,-0.039265797,-0.036985246,-0.034835021,-0.032808099,-0.030897626,-0.029096872,-0.027399981,-0.025800888,-0.02429428,-0.022874758,-0.021537391,-0.020277683,-0.019090954,-0.017973279,-0.016920564,-0.015929121,-0.014995439,MtC/yr
"Reference,date=2025-20-3T03:20:47-04:00",Pakistan,1.332528759,1.264697276,1.214637083,1.17794603,1.151254506,1.132019358,1.118304615,1.108728385,1.102306405,1.09860689,1.098485784,1.097691307,1.095304004,1.091383527,1.087378379,1.083878367,1.081064998,1.078902304,1.077307062,1.076171364,1.075403516,1.074891601,1.07457695,1.074422206,1.074356892,1.074377597,0.501676572,-0.393437361,-1.124991801,-1.710882697,-2.174629426,-0.614876477,0.959532444,2.216053212,3.202808357,3.969671468,3.567311149,2.973039432,2.537197644,2.212859028,1.968940858,1.784198695,1.003104749,0.09334997,-0.666395834,-1.284383968,-1.851643247,-2.139725262,-2.366723412,-2.546163085,-2.688355284,-3.034131478,-2.504313354,-2.038425428,-1.645672864,-1.322786491,-1.061410145,-0.851870363,-0.684877831,-0.552237833,-0.447033587,-0.363595119,-0.297349348,-0.244648273,-0.202608107,-0.168955388,-0.141907958,-0.12006743,-0.102340669,-0.087872087,-0.075990714,-0.0661714,-0.058001773,-0.051157322,-0.045382418,-0.040475119,-0.03627539,-0.032656165,-0.029516051,-0.02677375,-0.024364007,-0.022234242,-0.020341634,-0.018651349,-0.017134818,-0.015768491,-0.014532834,-0.013411569,-0.012390994,-0.011459561,-0.01060746,-0.009826249,-0.009108709,-0.008448558,-0.007840317,-0.007279189,-0.006760955,-0.006281854,-0.005838552,-0.005428063,-0.005047707,-0.004695062,-0.004367946,-0.004064364,-0.00378252,-0.003520751,-0.003277564,-0.003051566,-0.002841492,-0.00264618,-0.002464549,-0.002295608,-0.00213845,-0.00199223,-0.001856166,-0.001729537,-0.001611674,-0.001501957,-0.001399813,-0.001304711,-0.001216155,MtC/yr
"Reference,date=2025-20-3T03:20:47-04:00",Russia,19.79416564,17.90121707,16.17438739,14.59157131,13.13291214,11.78120956,10.52209651,9.341865029,8.23066177,7.179207251,6.180641742,26.20904049,15.12805999,3.16931726,-8.707146881,-20.11225617,-30.93174067,-41.17381612,-50.89151052,-60.14890064,-69.00486492,-77.50865445,-85.69740073,-93.60083081,-101.2394144,-108.6283579,-149.4183231,-147.8977947,-145.3277584,-142.6185753,-140.1359105,-35.69357102,-27.34085156,-19.18224429,-11.38818754,-3.994172659,-95.49483509,-91.60094865,-87.77184378,-84.01046783,-80.3148533,-76.6828596,-43.73612163,-40.96344257,-38.22210719,-35.38699603,-41.62657338,-37.97006794,-34.28318022,-30.67828044,-27.19562216,-62.89915461,-59.51799722,-56.23094707,-53.15163324,-50.29618661,-47.64777569,-45.1795751,-42.86676135,-40.68906463,-38.63059407,-36.67863995,-34.82413416,-33.06009127,-31.3803376,-29.78044633,-28.25655702,-26.80518863,-25.42300766,-24.10734686,-22.85540064,-21.66464598,-20.53238663,-19.45625832,-18.43400918,-17.46311987,-16.54137216,-15.66659995,-14.8367673,-14.04960377,-13.30321041,-12.59576,-11.92539075,-11.29012197,-10.68832787,-10.11822025,-9.578383048,-9.06735822,-8.583469592,-8.125442097,-7.691929421,-7.281643687,-6.893349707,-6.525978063,-6.178356562,-5.849491659,-5.538367067,-5.244004041,-4.965552863,-4.702156282,-4.453029069,-4.21731524,-3.994389978,-3.783482904,-3.584038459,-3.395306683,-3.216807174,-3.047910759,-2.88818525,-2.737076024,-2.594145045,-2.458858623,-2.330886269,-2.209801842,-2.095210808,-1.986799513,-1.884170758,-1.787094862,-1.695194796,-1.60820182,-1.525870839,MtC/yr
"Reference,date=2025-20-3T03:20:47-04:00",South Africa,1.848928536,2.169612293,2.468270807,2.741108261,2.987181574,3.207144712,3.402560886,3.575382272,3.72770871,3.861661366,3.979187584,4.475378312,4.546893431,4.590188906,4.615413467,4.629091228,4.635428745,4.637168284,4.636079455,4.63337744,4.629805898,4.625877605,4.621857949,4.617988639,4.614338227,4.61100475,1.31759788,-0.28653415,-1.8860773,-3.431281861,-4.892888811,-5.418643211,-7.354294303,-9.21476533,-10.9671281,-12.59464072,-13.53868744,-13.7222189,-13.75874972,-13.69554924,-13.56748147,-13.39978907,-11.96361872,-10.84042518,-9.675625454,-8.532418621,-7.174292741,-6.10964495,-5.136902642,-4.255774423,-3.462663134,-6.97909339,-6.357092084,-5.766411637,-5.21627705,-4.710185674,-4.248396479,-3.829379457,-3.450639196,-3.109212912,-2.801982468,-2.525859258,-2.277882697,-2.055266608,-1.855451582,-1.676086661,-1.515043842,-1.370399779,-1.24042097,-1.123560574,-1.018431847,-0.923794447,-0.838544675,-0.761695663,-0.692368571,-0.629781939,-0.573237051,-0.522112233,-0.475853471,-0.433966276,-0.39600836,-0.361587064,-0.330349718,-0.30198136,-0.276201296,-0.252756924,-0.231422103,-0.21199388,-0.194291275,-0.178150742,-0.163425461,-0.14998335,-0.137705432,-0.126484864,-0.116224751,-0.106838052,-0.098246145,-0.090377634,-0.083168211,-0.076559628,-0.070499085,-0.064938739,-0.059834958,-0.055148652,-0.050843679,-0.046887556,-0.043250781,-0.039906283,-0.036829493,-0.033998141,-0.031391702,-0.028991581,-0.026780814,-0.024743725,-0.022866363,-0.021135594,-0.019539508,-0.018067299,-0.01670904,-0.015455584,-0.014298572,MtC/yr
"Reference,date=2025-20-3T03:20:47-04:00",South America_Northern,3.879673666,3.913212029,4.060732618,4.282974657,4.551153784,4.844415048,5.147780767,5.450676863,5.745876954,6.028533355,6.295681116,-0.740747246,-0.983453529,-1.073388255,-1.058113062,-0.972592706,-0.842363595,-0.685894122,-0.516372981,-0.343085981,-0.172371026,-0.008470034,0.145968994,0.289425257,0.421193053,0.541120775,39.28100715,40.66633425,41.41256771,41.69973343,41.66272484,3.445822755,0.930806926,-0.996099366,-2.476684822,-3.61939785,-5.803306164,-6.453954035,-6.939270282,-7.301507015,-7.572748675,-7.777174068,-5.729107444,-4.660424101,-3.642654705,-2.68043206,20.54093364,22.8299568,24.5953404,25.96039731,27.01862521,-1.830622272,-2.938517157,-3.617561045,-3.989964881,-4.145069784,-4.148418957,-4.048138313,-3.879527943,-3.668323932,-3.433162193,-3.187376728,-2.940358569,-2.698589947,-2.466366013,-2.246409465,-2.040280584,-1.848720467,-1.671869116,-1.509468766,-1.360981869,-1.225699366,-1.102809923,-0.991447923,-0.890740725,-0.799822377,-0.717859276,-0.644058852,-0.577672663,-0.518008425,-0.464422295,-0.416324593,-0.373172207,-0.334474275,-0.299782077,-0.268689467,-0.240827858,-0.215866263,-0.193505387,-0.173475846,-0.155535565,-0.139466919,-0.125074837,-0.112184015,-0.100637175,-0.090293664,-0.08102745,-0.072725457,-0.06528646,-0.058620273,-0.05264567,-0.047290141,-0.042488766,-0.038183731,-0.034322869,-0.030859959,-0.027753293,-0.02496576,-0.022464012,-0.020218365,-0.018202152,-0.01639157,-0.014765268,-0.013304166,-0.011991168,-0.010811008,-0.009749954,-0.008795768,-0.007937458,-0.007165196,-0.006470174,MtC/yr
"Reference,date=2025-20-3T03:20:47-04:00",South America_Southern,37.33203314,34.76039219,32.54931935,30.65485945,29.03498157,27.65063577,26.46716695,25.45506052,24.58814071,23.84430206,23.20475824,-1.230474558,1.9117936,5.825038806,9.932894379,13.91808102,17.6174827,20.96016207,23.92759729,26.53044173,28.79498168,30.75365852,32.44120714,33.89091069,35.13419197,36.19898731,62.26019003,66.36023934,69.58151796,72.10720517,74.08399765,90.8771758,93.58126276,95.72219758,97.420325,98.77106653,38.34918672,34.88350998,32.48413686,30.83593729,29.71837993,28.97548227,47.73037721,47.85638234,47.94307283,48.01190115,38.3479501,37.89052813,37.57930252,37.37010298,37.23267223,3.460879467,1.913007026,0.884726157,0.208330624,-0.227448925,-0.498153608,-0.655738576,-0.736339851,-0.765250777,-0.760159352,-0.733442211,-0.693707063,-0.646894283,-0.597037368,-0.546829991,-0.498013703,-0.45165663,-0.40836636,-0.368430893,-0.331924005,-0.298778043,-0.268840615,-0.241904851,-0.217739494,-0.196104106,-0.176761705,-0.159483964,-0.144057415,-0.130284058,-0.117983853,-0.106993285,-0.09716521,-0.088368802,-0.08048682,-0.073415741,-0.067063405,-0.061348605,-0.056199793,-0.051553805,-0.047354716,-0.043553736,-0.040107337,-0.036977579,-0.034130811,-0.031537378,-0.029170987,-0.02700859,-0.025029735,-0.023216145,-0.02155178,-0.020022315,-0.018614984,-0.017318582,-0.016122823,-0.015018712,-0.01399815,-0.013053868,-0.012179304,-0.0113686,-0.010616433,-0.009918039,-0.009269068,-0.008665608,-0.008104066,-0.007581222,-0.007094121,-0.006640066,-0.006216595,-0.005821465,-0.00545261,MtC/yr
"Reference,date=2025-20-3T03:20:47-04:00",South Asia,5.302188687,5.352056956,5.398958936,5.438839823,5.470900935,5.49579802,5.514582229,5.528500874,5.538587364,5.545794344,5.550812055,4.411668985,4.103752733,3.831130545,3.591042775,3.378918825,3.1900103,3.02009016,2.865663142,2.723930138,2.592751979,2.470529948,2.35599442,2.24823782,2.146598511,2.050500966,3.496576378,3.72124153,3.88231728,4.004808786,4.103560704,11.97463927,13.03921965,13.804441,14.36930681,14.7964715,7.716556462,6.441052742,5.516543944,4.844224092,4.355254026,4.00079433,6.72130244,7.277949037,7.690502032,8.001575155,13.51035453,14.24791143,14.77711864,15.16565742,15.45676831,2.41661827,1.453055536,0.871251285,0.512423954,0.286347916,0.14102174,0.046049009,-0.016652626,-0.058125303,-0.085271437,-0.102543574,-0.112890748,-0.11832955,-0.120268699,-0.119722027,-0.117423917,-0.113914875,-0.109593116,-0.104758122,-0.099630053,-0.09437158,-0.08910218,-0.083907775,-0.078849384,-0.073968345,-0.069292268,-0.06483743,-0.06061214,-0.056618853,-0.052855508,-0.049317134,-0.045996343,-0.042884614,-0.039972368,-0.037249472,-0.034705796,-0.032331049,-0.030115309,-0.028048826,-0.026122106,-0.024326431,-0.022653165,-0.021094218,-0.01964212,-0.01828963,-0.017030036,-0.01585715,-0.01476492,-0.01374791,-0.012801022,-0.011919376,-0.01109852,-0.01033422,-0.009622651,-0.008960154,-0.008343343,-0.007769064,-0.007234388,-0.00673658,-0.006273085,-0.005841548,-0.005439755,-0.005065653,-0.004717322,-0.004392993,-0.004091014,-0.003809824,-0.003548002,-0.003304212,-0.003077199,MtC/yr
"Reference,date=2025-20-3T03:20:47-04:00",South Korea,-1.615727306,-1.437325772,-1.285635634,-1.157479091,-1.049427675,-0.958277517,-0.881238968,-0.815933517,-0.760365374,-0.712906696,-0.672210928,1.522016815,1.580803192,1.611778125,1.623922708,1.623860082,1.616250279,1.604349392,1.590335097,1.575652499,1.561174419,1.547473259,1.534795053,1.523295989,1.512964972,1.503751721,-0.389692041,-0.472248963,-0.534407388,-0.578990654,-0.609645985,3.149218823,3.393847318,3.622305122,3.828923767,4.01230963,-0.199782016,-0.426620149,-0.634898845,-0.828831853,-1.011189454,-1.183816271,-0.834441395,-0.785317587,-0.735854644,-0.686174311,-0.850696051,-0.808703566,-0.766669432,-0.725018757,-0.684033414,-0.809411992,-0.779888907,-0.749602861,-0.71956371,-0.690152369,-0.661485694,-0.633582816,-0.606436916,-0.580039158,-0.554384599,-0.52947486,-0.505316447,-0.481915591,-0.459281198,-0.437417781,-0.416330786,-0.396018993,-0.376481671,-0.357712559,-0.339703962,-0.322444374,-0.305921617,-0.290118884,-0.275020239,-0.260607486,-0.246860913,-0.233759708,-0.221282117,-0.209408179,-0.198114661,-0.187380267,-0.17718316,-0.167501518,-0.158313683,-0.149597738,-0.141334885,-0.13350309,-0.126083366,-0.119056436,-0.112403809,-0.106107464,-0.100149926,-0.094514889,-0.089185961,-0.084147896,-0.079385948,-0.074885808,-0.070633986,-0.066617664,-0.062824375,-0.059242366,-0.055860381,-0.052667689,-0.049654246,-0.046810215,-0.044126447,-0.041594319,-0.0392054,-0.036951847,-0.034826193,-0.032821466,-0.030930731,-0.029147873,-0.02746679,-0.025881732,-0.024387334,-0.02297853,-0.021650473,-0.020398623,-0.019218685,MtC/yr
"Reference,date=2025-20-3T03:20:47-04:00",Southeast Asia,100.8776996,101.0249077,101.1252981,101.1931422,101.238413,101.2670262,101.2842174,101.2925134,101.2948495,101.2928288,101.2877799,54.52674288,51.42768809,48.94157843,46.95994205,45.38444478,44.13176243,43.13374159,42.33574485,41.694533,41.17635603,40.75470887,40.40897994,40.12335136,39.88542091,39.68557023,108.7681063,112.4912719,115.2026607,117.2082086,118.708391,114.8559495,115.779126,116.7335045,117.5984294,118.334325,63.94283124,60.61864435,58.1160494,56.23902301,54.83742518,53.79620298,71.79807931,73.55445159,75.10686306,76.40391431,72.72114594,73.25483953,73.7123358,74.09112669,74.39857707,12.20637921,8.604760818,6.076815689,4.27163027,2.967244528,2.01777788,1.324313444,0.81783172,0.449135828,0.182532251,-0.00818945,-0.142472464,-0.234821139,-0.296091187,-0.334440912,-0.355988563,-0.365338526,-0.365934765,-0.360358053,-0.350529841,-0.337877251,-0.323452447,-0.308026646,-0.292158681,-0.276248269,-0.260577211,-0.245337975,-0.230658551,-0.216618188,-0.203261326,-0.190607058,-0.178656143,-0.167397309,-0.156809841,-0.146868272,-0.137543225,-0.128803683,-0.120617822,-0.112953688,-0.105780674,-0.099068291,-0.092787993,-0.086912187,-0.08141497,-0.076271732,-0.071459574,-0.066956516,-0.062742871,-0.058799352,-0.055108297,-0.051653117,-0.048418534,-0.045390054,-0.042554247,-0.039898579,-0.037411272,-0.035081544,-0.032899097,-0.03085449,-0.028938802,-0.027143726,-0.025461611,-0.02388508,-0.022407432,-0.021022411,-0.01972408,-0.018506914,-0.01736578,-0.016295831,-0.015292579,MtC/yr
"Reference,date=2025-20-3T03:20:47-04:00",Taiwan,0.522918518,0.390756327,0.275203458,0.174596016,0.087188681,0.011349859,-0.054464731,-0.111587455,-0.161205822,-0.204368552,-0.241949949,-0.158153068,-0.104769532,-0.049283998,0.003201808,0.050631251,0.09248387,0.128987357,0.160664301,0.188138148,0.212004248,0.232805103,0.251010465,0.267024227,0.281158651,0.293704728,0.159668463,0.15186739,0.152082118,0.154898645,0.157625106,0.506393947,0.562858548,0.612665805,0.656328423,0.69448385,0.540399592,0.536636323,0.532978913,0.529598651,0.526588843,0.52398855,0.3494308,0.303379307,0.262885919,0.227297713,0.133596115,0.111187522,0.091557787,0.074410488,0.059456106,-0.033651194,-0.035527922,-0.036299167,-0.036393929,-0.036054198,-0.035423369,-0.034588519,-0.033607333,-0.032520575,-0.031357944,-0.030142675,-0.028893558,-0.027626672,-0.026354707,-0.025088617,-0.023837641,-0.022609136,-0.021409228,-0.020243047,-0.019114238,-0.018025617,-0.01697933,-0.01597677,-0.015018548,-0.014104977,-0.013235932,-0.01241073,-0.011628753,-0.010888875,-0.010189795,-0.009530225,-0.008908705,-0.008323698,-0.007773634,-0.007256907,-0.006771945,-0.006317132,-0.00589094,-0.005491824,-0.005118308,-0.004768933,-0.004442338,-0.004137177,-0.003852177,-0.003586121,-0.003337833,-0.003106231,-0.002890243,-0.002688894,-0.00250124,-0.002326406,-0.002163535,-0.002011857,-0.001870643,-0.001739174,-0.001616806,-0.001502942,-0.001396992,-0.001298429,-0.001206745,-0.001121473,-0.001042171,-9.68E-04,-9.00E-04,-8.36E-04,-7.77E-04,-7.22E-04,-6.71E-04,-6.23E-04,-5.79E-04,MtC/yr
"Reference,date=2025-20-3T03:20:47-04:00",USA,130.4919063,123.7830775,118.3263885,113.9294448,110.4006987,107.5705658,105.2973369,103.4649189,101.9806583,100.7726037,99.78361603,-56.66887531,-57.18443633,-56.76671927,-56.26904546,-56.0237664,-56.11512799,-56.52005511,-57.17545037,-58.01168828,-58.96635594,-59.98760394,-61.03632365,-62.08399775,-63.11032434,-64.10111167,-76.04226057,-86.84609124,-97.70464957,-108.661883,-119.6890444,-102.7800066,-98.17259718,-93.5414019,-89.1090973,-84.95030892,-84.31790558,-75.03527846,-66.15837561,-57.96048812,-50.49819565,-43.73129059,-18.07565653,-14.13708771,-10.50779021,-7.200471817,-16.50322332,-14.11123675,-11.88530498,-9.809655577,-7.866351641,-47.27656611,-46.0187512,-44.6265298,-43.17935981,-41.70978507,-40.23209228,-38.75372228,-37.27989456,-35.81539244,-34.36495964,-32.93312593,-31.52436317,-30.14273359,-28.79186891,-27.47490529,-26.19449877,-24.95263697,-23.75102974,-22.59081007,-21.47270193,-20.39711074,-19.36409197,-18.37343932,-17.42469379,-16.51725261,-15.65025727,-14.82281516,-14.03384449,-13.28226509,-12.566856,-11.88638516,-11.23962215,-10.62525249,-10.04203189,-9.488656465,-8.963879866,-8.466449728,-7.9951441,-7.548774973,-7.126178165,-6.726226885,-6.347826684,-5.989927322,-5.651511354,-5.331599678,-5.02925586,-4.743579251,-4.473706148,-4.218813382,-3.978114804,-3.750856693,-3.536325631,-3.3338376,-3.142741218,-2.962420742,-2.792291812,-2.631792669,-2.480398105,-2.337602989,-2.202934005,-2.075938442,-1.956188785,-1.843280213,-1.736831387,-1.636477515,-1.5418745,-1.452702129,-1.368650163,-1.289428954,-1.214766752,MtC/yr
