# GCAM LULUCF,,,,,,,,,,,,,,,,,,,,,,,,,
scenario,region,1990,2005,2010,2015,2019,2020,2021,2025,2030,2035,2040,2045,2050,2055,2060,2065,2070,2075,2080,2085,2090,2095,2100,
"scenmip_h3_250706a,date=2025-6-7T15:29:34-04:00",Africa_Eastern,26.25053952,77.77248808,79.4304034,125.0906184,102.8354018,105.8530265,134.4134264,39.9770249,173.1311031,188.5983747,181.128155,170.6430199,162.0221385,156.1332911,147.7190734,123.7264419,106.474612,90.17098178,77.43687402,68.16142917,60.74161674,53.44087171,44.65650505,MtC/yr
"scenmip_h3_250706a,date=2025-6-7T15:29:34-04:00",Africa_Northern,-6.103551349,5.062968258,5.336616372,14.92230837,2.898105402,-0.488577331,-1.233072393,1.546261207,3.886918776,4.323281603,4.332795021,4.055672503,4.044706145,4.437838901,4.542025636,3.757225584,3.51730573,3.385864475,3.465766424,3.525660082,3.531644798,3.444956409,3.34642484,MtC/yr
"scenmip_h3_250706a,date=2025-6-7T15:29:34-04:00",Africa_Southern,20.55180006,25.95927179,122.0959517,151.8492,25.7473427,11.52649437,-9.461122887,119.3649669,170.7248169,170.0802165,156.2216898,144.5786859,137.4893725,134.3985748,130.8207364,115.0655308,102.7754951,91.63845629,80.25218134,70.37919568,62.38555002,56.284516,49.67371928,MtC/yr
"scenmip_h3_250706a,date=2025-6-7T15:29:34-04:00",Africa_Western,39.27066533,98.68351024,157.809134,175.599689,121.5797582,140.9910688,113.2584149,124.8889327,299.5989421,322.3443423,326.1434716,339.321745,348.6240999,367.1951886,380.0053072,341.7195159,329.2293146,314.3992091,297.7981456,276.4390503,246.092477,225.8370073,203.7402665,MtC/yr
"scenmip_h3_250706a,date=2025-6-7T15:29:34-04:00",Argentina,-39.37527716,20.74981474,47.94622629,53.73339103,29.20722608,26.26625129,15.44270518,17.66772882,18.64400042,16.90143138,15.1851559,14.23695315,14.61799514,14.37226887,13.30645731,12.39519954,11.84240849,11.49166772,11.33867429,11.40337312,11.30578738,11.34857395,11.19551745,MtC/yr
"scenmip_h3_250706a,date=2025-6-7T15:29:34-04:00",Australia_NZ,-7.745170615,2.972929388,-1.934872389,-1.766983062,-37.83685864,-32.0101697,-16.48417866,-27.74434873,-19.29568088,1.712547237,14.38561678,23.06791701,30.00461835,34.46658369,37.59213451,20.90316987,20.72253314,20.99287687,21.34241295,22.03518627,22.21424068,22.94965623,23.28801686,MtC/yr
"scenmip_h3_250706a,date=2025-6-7T15:29:34-04:00",Brazil,188.4175313,137.4176789,142.2703519,307.5664131,84.3103934,224.7935672,16.21838773,87.66744336,117.1362933,129.2123461,123.1536586,132.0272741,139.2954379,115.0106938,97.19937505,69.40311233,62.54870181,60.27437247,60.91877755,65.43391968,66.22066276,69.21126702,68.58864937,MtC/yr
"scenmip_h3_250706a,date=2025-6-7T15:29:34-04:00",Canada,5.507784724,2.80437226,-23.03051979,-14.17955937,-18.96376638,-20.23516404,-19.18836826,-37.21021418,55.0108995,84.41899783,101.0361467,121.4518153,145.7547032,149.8333689,122.4239312,92.62729028,76.39158502,64.30409673,58.24431207,56.22418004,51.92416364,50.91714009,47.50926604,MtC/yr
"scenmip_h3_250706a,date=2025-6-7T15:29:34-04:00",Central America and Caribbean,23.05927088,12.09605563,13.77420856,14.30930285,-4.47237805,-6.261893031,-1.127812659,-6.815571933,17.99806158,16.58955956,15.90939768,17.17389251,17.25249049,15.85440258,14.7360354,11.19253192,10.49486069,9.978422266,9.576545329,9.415386505,9.377664701,9.546869019,9.668657584,MtC/yr
"scenmip_h3_250706a,date=2025-6-7T15:29:34-04:00",Central Asia,16.59321103,-19.63639669,85.00545653,-8.011622099,-37.255754,-34.35010601,-30.12012303,-23.40815296,-13.84782097,-3.991822885,1.926329536,5.876776637,8.512652084,10.42548797,12.0100957,9.823096212,9.385371408,9.215975662,9.124175096,9.225842354,9.147613753,8.89658399,8.688102414,MtC/yr
"scenmip_h3_250706a,date=2025-6-7T15:29:34-04:00",China,221.383557,79.25456161,-12.66570011,-17.25360314,11.24482339,27.19991601,17.38504169,48.24565258,47.01177211,37.30606136,24.76802906,16.97516479,14.33901398,6.161426434,-1.015739729,-9.197605893,-12.81380891,-14.26253864,-14.79243565,-13.51032628,-11.46034027,-8.275544634,-4.969217469,MtC/yr
"scenmip_h3_250706a,date=2025-6-7T15:29:34-04:00",Colombia,4.331083633,-8.588576213,-9.702276964,24.72381895,-10.68256538,6.884360577,-0.293655796,0.613429123,-14.57434629,4.330405494,11.03886424,14.23860047,15.58367097,15.91401223,16.06398064,3.38960492,2.708643049,2.683005488,2.9676157,3.636197934,4.476261609,5.35529639,5.938356685,MtC/yr
"scenmip_h3_250706a,date=2025-6-7T15:29:34-04:00",EU-12,-13.47558292,-25.57021547,-19.28719348,-15.94440691,-16.3072408,-18.18880422,-17.23632435,-7.00065867,-14.13243004,-8.153433561,-3.849189954,1.222786583,6.705041304,9.08076481,10.25930525,3.474961752,2.724516579,2.400961954,2.503228391,2.41441512,2.560436075,2.605626863,2.521295936,MtC/yr
"scenmip_h3_250706a,date=2025-6-7T15:29:34-04:00",EU-15,-62.29206915,-70.61867444,-35.68736616,-37.79504654,-38.41183716,-41.06195337,-35.72750844,17.06960104,24.13318958,15.70971213,17.87364438,26.50548372,36.04118762,33.49866941,26.3234312,14.06649599,11.12920623,10.10018678,9.49457661,9.189253964,9.055135499,9.053846657,8.805729201,MtC/yr
"scenmip_h3_250706a,date=2025-6-7T15:29:34-04:00",Europe_Eastern,0.611497608,-20.30297017,-15.61922022,-9.813339434,-9.862237537,-9.528942188,-9.836914723,-11.66661636,7.581103194,11.61654974,11.92054614,13.98728214,16.41663504,14.26235669,11.88521747,8.210224594,7.261907543,6.717658749,6.682442032,6.947036568,6.625005625,6.519966719,6.027155396,MtC/yr
"scenmip_h3_250706a,date=2025-6-7T15:29:34-04:00",Europe_Non_EU,-1.272152571,-3.693234567,-5.119375859,-6.508854209,12.95018419,-1.021360865,-2.940708879,0.697674191,9.408649306,10.71540018,10.46111085,10.20125188,10.22435491,9.311175399,8.160880776,6.336322192,5.719804523,5.326061091,5.110338799,5.169104771,5.205986385,5.363327382,5.487620063,MtC/yr
"scenmip_h3_250706a,date=2025-6-7T15:29:34-04:00",European Free Trade Association,-0.49615161,-1.084331198,-0.882686827,1.180959543,0.428320726,0.005700913,-0.186656303,6.590644666,11.31438575,7.477877377,6.693938276,6.97366478,8.21819829,8.78451393,5.257549023,3.942216433,3.101913074,2.527181288,2.359346725,2.518164862,2.171908762,2.212484801,2.080155737,MtC/yr
"scenmip_h3_250706a,date=2025-6-7T15:29:34-04:00",India,16.10839853,1.328864374,-11.2331971,-10.37764245,-7.566911205,-9.162157385,-4.549969083,22.71743381,29.92135615,27.71452192,29.07938318,21.8897519,17.97219175,19.38758818,21.41573699,17.0244717,14.39364535,12.25728015,10.75114477,10.45314166,10.96223411,11.52454807,11.92895427,MtC/yr
"scenmip_h3_250706a,date=2025-6-7T15:29:34-04:00",Indonesia,94.75811424,108.7489684,356.9204118,234.3374406,191.0391593,30.43821545,36.38919768,-12.82239439,20.93108387,19.56712984,16.71208491,14.89259612,15.10489904,21.58897012,20.84958063,13.62316634,12.34300447,12.37753466,11.7724379,12.21405849,12.34223374,12.87263612,12.99611618,MtC/yr
"scenmip_h3_250706a,date=2025-6-7T15:29:34-04:00",Japan,0.449138479,-2.840431431,-3.608009694,-2.437873481,-1.821654539,-1.801184736,-1.731460172,4.404134175,21.57088241,0.77094327,1.021430203,9.631585649,10.39069887,8.026479491,5.183958558,0.105060164,-1.053671842,-1.622483305,-1.957845822,-2.105994598,-1.541333529,-1.329040532,-0.918835234,MtC/yr
"scenmip_h3_250706a,date=2025-6-7T15:29:34-04:00",Mexico,19.53114488,9.871104359,-2.03408199,11.29605101,-15.25354034,-14.56807459,-14.56239302,-10.23834021,9.169011052,12.49320085,13.20060436,13.04605381,13.14392697,14.19403916,14.17791277,10.62586297,10.19905288,10.00355743,9.950191188,10.15446863,10.28167975,10.57028475,10.60011166,MtC/yr
"scenmip_h3_250706a,date=2025-6-7T15:29:34-04:00",Middle East,-31.40501002,-28.14489534,-15.87088233,-10.91277207,-8.975612222,-5.078087047,-8.54312753,-1.859709075,0.17219748,1.339619113,1.684050201,1.647782917,1.603741804,1.720380098,1.959375772,1.907662264,1.914734112,1.903780899,1.877279752,1.908360417,1.952894041,1.946301822,1.815283738,MtC/yr
"scenmip_h3_250706a,date=2025-6-7T15:29:34-04:00",Pakistan,1.000270018,1.074967664,-2.173978127,3.978008094,1.874456324,3.118081138,2.364670274,-2.01499648,-2.229958884,-2.341517143,-2.62258476,-2.957709462,-3.335250058,-4.154756802,-4.075908755,-4.19158788,-3.959317716,-3.672923767,-3.302366905,-3.301118682,-3.283926694,-3.259005064,-3.221104647,MtC/yr
"scenmip_h3_250706a,date=2025-6-7T15:29:34-04:00",Russia,19.02193495,-46.40924266,-63.03951596,-33.92877003,-44.67896209,-44.20524619,-42.87359438,-27.8384633,57.86609337,11.84813793,19.77887103,45.14242726,63.50191606,76.655795,64.55390197,55.09736672,52.7861141,51.24264254,52.09334523,54.53416983,53.72863092,54.07581951,52.31596484,MtC/yr
"scenmip_h3_250706a,date=2025-6-7T15:29:34-04:00",South Africa,3.970900706,4.596121093,-4.906135623,-12.60440973,-14.78527945,-5.85072439,-12.88657845,-9.094931489,-4.463820782,-1.285538667,0.290072707,0.981298332,1.263008764,1.694797591,1.774208757,1.805191108,1.787614236,1.807860399,1.83390215,1.974686174,2.035865087,2.054951312,2.042004911,MtC/yr
"scenmip_h3_250706a,date=2025-6-7T15:29:34-04:00",South America_Northern,6.202899385,0.003137847,40.18763827,-3.135206966,-8.14203936,66.16925279,34.63267477,-6.249421202,18.95839541,15.84237419,15.54286377,15.51586251,13.8012643,12.66801467,11.74586942,8.13773177,8.207267872,8.362041234,8.615201198,8.981516198,8.929459747,8.715256655,8.912641499,MtC/yr
"scenmip_h3_250706a,date=2025-6-7T15:29:34-04:00",South America_Southern,11.50463382,17.45190357,48.91901806,71.20312683,36.70042043,7.614452958,9.503735617,22.95772234,31.55866511,22.94032009,20.43264917,22.97027902,24.50010403,23.15817909,19.28560499,17.99065323,16.81389102,16.26397028,15.95013312,16.47301654,16.77520721,17.50915143,17.66671338,MtC/yr
"scenmip_h3_250706a,date=2025-6-7T15:29:34-04:00",South Asia,5.428814313,0.986851382,3.219795398,13.24417322,2.007424017,13.70570987,5.238180568,-8.35080677,15.16193948,18.10922457,16.19017085,14.46239913,13.36705654,13.01031305,12.53605436,9.249993832,7.763029503,6.776004637,5.986891924,5.457276379,5.128017237,4.942108618,4.825874566,MtC/yr
"scenmip_h3_250706a,date=2025-6-7T15:29:34-04:00",South Korea,-0.90615443,-1.677345064,-1.666571532,-1.195663155,-0.894132757,-0.826722266,-0.766295066,0.221179657,0.323904951,-0.023197594,-0.088424472,0.06794855,0.371467903,0.345168095,0.134127011,-0.113392854,-0.230605365,-0.265841354,-0.272891555,-0.246929767,-0.237824738,-0.206910884,-0.127078228,MtC/yr
"scenmip_h3_250706a,date=2025-6-7T15:29:34-04:00",Southeast Asia,83.93786037,37.17045749,90.59349082,90.17456947,44.82710962,11.65089227,6.323049564,-7.80397278,77.26180689,65.97809936,55.42745119,56.36460332,58.95490405,62.06155305,61.21499116,42.84781029,39.52120748,37.42884598,35.71264313,34.36326949,34.3839562,35.06970656,35.30021972,MtC/yr
"scenmip_h3_250706a,date=2025-6-7T15:29:34-04:00",Taiwan,-0.024370036,0.241883272,0.346205971,0.369655246,0.222807257,0.181401267,0.142471287,0.041593661,0.059443971,0.052985377,0.044036677,0.0626563,0.079519343,0.095971481,0.115472799,0.080714892,0.079089798,0.079146058,0.083491425,0.093788865,0.098521836,0.104962888,0.110310656,MtC/yr
"scenmip_h3_250706a,date=2025-6-7T15:29:34-04:00",USA,-83.08398657,-54.99840166,-63.99635713,-59.49859329,10.2071665,-22.04790066,-26.9167322,1.243782049,21.14655641,31.62006582,34.3597297,37.89246145,47.91952694,50.75337987,42.06728931,32.30798139,29.75494827,28.28199407,26.89353279,27.5288454,27.93144049,28.97940273,29.09717256,MtC/yr
